Before adding Many values to table (book):-
    command and output:
        mysql> select * from book;
        +--------+----------+--------+
        | bookid | title    | price  |
        +--------+----------+--------+
        |      1 | Let us C | 275.00 |
        +--------+----------+--------+
        1 row in set (0.02 sec)

        mysql> _

After adding Many values to table (book):-
    command and output:
        mysql> select * from book;
        +--------+----------------+--------+
        | bookid | title          | price  |
        +--------+----------------+--------+
        |      1 | Let us C       | 275.00 |
        |      2 | Learn C++      | 250.00 |
        |      4 | Java8          | 300.00 |
        |      3 | Data structure | 350.00 |
        +--------+----------------+--------+
        4 rows in set (0.00 sec)

        mysql> _