Before adding values to table (book):-
    command and output:
        mysql> show tables;
        +------------------+
        | Tables_in_my_db1 |
        +------------------+
        | book             |
        +------------------+
        1 row in set (0.00 sec)

        mysql> SELECT * FROM book;

        Empty set (0.01 sec)

        mysql> _

Before adding values to table (book):-
    command and output:
        mysql> select * from book;
        +--------+----------+--------+
        | bookid | title    | price  |
        +--------+----------+--------+
        |      1 | Let us C | 275.00 |
        +--------+----------+--------+
        1 row in set (0.02 sec)

        mysql> _