Before Update Table Record (book):-
    command and output:
        mysql> use my_db1;
        mysql> select * from book;
        +--------+----------------+--------+
        | bookid | title          | price  |
        +--------+----------------+--------+
        |      1 | Let us C       | 275.00 |
        |      2 | Learn C++      | 250.00 |
        |      4 | Java8          | 300.00 |
        |      3 | Data structure | 350.00 |
        +--------+----------------+--------+
        4 rows in set (0.00 sec)

        mysql> _

After Update Table Record (book):-
    command and output:
        mysql> use my_db1;
        mysql> select * from book;

        +--------+----------------+--------+
        | bookid | title          | price  |
        +--------+----------------+--------+
        |      1 | Let us C       | 315.00 |
        |      2 | Learn C++      | 290.00 |
        |      4 | Java8          | 300.00 |
        |      3 | Data structure | 390.00 |
        +--------+----------------+--------+
        4 rows in set (0.00 sec)
        
        mysql> _